,,,,,,,,,,,,,
,NroItem,CodTransaccion,NroSerial,CodCampus,NroFormulario,Nombre,Ubicación,Proveedor,EmpresaResponsable,Estado,codebar,tipo,Valor unitario
,51,327,400SN39173,CPU001,966217823,CPU - Bodg50-9051-900-0017 GMR ESC   ,Salón Sputnik,Compumax Computer ,Campuslands,0,#N/A,CPU,100000
,52,327,COM2024CM21070723,MON001,966217823,Monitor - Bodg50-9051-900-0017 GMR ESC   ,Salón Sputnik,Compumax Computer ,Campuslands,0,#N/A,MONITOR,50000
,53,327,KBM130091706,TEC001,966217823,Teclado - Bodg50-9051-900-0017 GMR ESC   ,Salón Sputnik,Compumax Computer ,Campuslands,0,#N/A,TECLADO,20000
,54,327,Sin serial ,MOU001,966217823,Mouse - Bodg50-9051-900-0017 GMR ESC   ,Salón Sputnik,Compumax Computer ,Campuslands,0,#N/A,MOUSE,10000
,55,327,400SN39208,CPU002,966217823,CPU - Bodg50-9051-900-0017 GMR ESC   ,Salón Sputnik,Compumax Computer ,Campuslands,0,#N/A,CPU,100000
,56,327,COM2024CM21070880,MON002,966217823,Monitor - Bodg50-9051-900-0017 GMR ESC   ,Salón Sputnik,Compumax Computer ,Campuslands,0,#N/A,MONITOR,50000
,57,327,KBM130090718,TEC002,966217823,Teclado - Bodg50-9051-900-0017 GMR ESC   ,Salón Sputnik,Compumax Computer ,Campuslands,0,#N/A,TECLADO,20000
,58,327,Sin serial ,MOU002,966217823,Mouse - Bodg50-9051-900-0017 GMR ESC   ,Salón Sputnik,Compumax Computer ,Campuslands,0,#N/A,MOUSE,10000
,59,327,400SN39182,CPU003,966217823,CPU - Bodg50-9051-900-0017 GMR ESC   ,Salón Sputnik,Compumax Computer ,Campuslands,0,#N/A,CPU,100000
,60,327,COM2024CM21070018,MON003,966217823,Monitor - Bodg50-9051-900-0017 GMR ESC   ,Salón Sputnik,Compumax Computer ,Campuslands,0,#N/A,MONITOR,50000
,61,327,KBM130090717,TEC003,966217823,Teclado - Bodg50-9051-900-0017 GMR ESC   ,Salón Sputnik,Compumax Computer ,Campuslands,0,#N/A,TECLADO,20000
,62,327,Sin serial ,MOU003,966217823,Mouse - Bodg50-9051-900-0017 GMR ESC   ,Salón Sputnik,Compumax Computer ,Campuslands,0,#N/A,MOUSE,10000
,63,327,400SN39190,CPU004,966217823,CPU - Bodg50-9051-900-0017 GMR ESC   ,Salón Sputnik,Compumax Computer ,Campuslands,0,#N/A,CPU,100000
,64,327,COM2024CM21070876,MON004,966217823,Monitor - Bodg50-9051-900-0017 GMR ESC   ,Salón Sputnik,Compumax Computer ,Campuslands,0,#N/A,MONITOR,50000
,65,327,KBM130090719,TEC004,966217823,Teclado - Bodg50-9051-900-0017 GMR ESC   ,Salón Sputnik,Compumax Computer ,Campuslands,0,#N/A,TECLADO,20000
,66,327,Sin serial ,MOU004,966217823,Mouse - Bodg50-9051-900-0017 GMR ESC   ,Salón Sputnik,Compumax Computer ,Campuslands,0,#N/A,MOUSE,10000
,67,327,400SN39186,CPU005,966217823,CPU - Bodg50-9051-900-0017 GMR ESC   ,Salón Sputnik,Compumax Computer ,Campuslands,0,#N/A,CPU,100000
,68,327,COM2024CM21070838,MON005,966217823,Monitor - Bodg50-9051-900-0017 GMR ESC   ,Salón Sputnik,Compumax Computer ,Campuslands,0,#N/A,MONITOR,50000
,69,327,KBM130091718,TEC005,966217823,Teclado - Bodg50-9051-900-0017 GMR ESC   ,Salón Sputnik,Compumax Computer ,Campuslands,0,#N/A,TECLADO,20000
,70,327,Sin serial ,MOU005,966217823,Mouse - Bodg50-9051-900-0017 GMR ESC   ,Salón Sputnik,Compumax Computer ,Campuslands,0,#N/A,MOUSE,10000
,71,327,400SN39198,CPU006,966217823,CPU - Bodg50-9051-900-0017 GMR ESC   ,Salón Sputnik,Compumax Computer ,Campuslands,0,#N/A,CPU,100000
,72,327,COM2024CM21070638,MON006,966217823,Monitor - Bodg50-9051-900-0017 GMR ESC   ,Salón Sputnik,Compumax Computer ,Campuslands,0,#N/A,MONITOR,50000
,73,327,KBM130091719,TEC006,966217823,Teclado - Bodg50-9051-900-0017 GMR ESC   ,Salón Sputnik,Compumax Computer ,Campuslands,0,#N/A,TECLADO,20000
,74,327,Sin serial ,MOU006,966217823,Mouse - Bodg50-9051-900-0017 GMR ESC   ,Salón Sputnik,Compumax Computer ,Campuslands,0,#N/A,MOUSE,10000
,75,327,102SN55107,CPU007,966217823,CPU - Bodg50-9051-900-0017 GMR ESC   ,Salón Sputnik,Compumax Computer ,Campuslands,0,#N/A,CPU,100000
,76,327,COM2024CM21070037,MON007,966217823,Monitor - Bodg50-9051-900-0017 GMR ESC   ,Salón Sputnik,Compumax Computer ,Campuslands,0,#N/A,MONITOR,50000
,77,327,KBM130091731,TEC007,966217823,Teclado - Bodg50-9051-900-0017 GMR ESC   ,Salón Sputnik,Compumax Computer ,Campuslands,0,#N/A,TECLADO,20000
,78,327,Sin serial ,MOU007,966217823,Mouse - Bodg50-9051-900-0017 GMR ESC   ,Salón Sputnik,Compumax Computer ,Campuslands,0,#N/A,MOUSE,10000
,79,327,102SN55106,CPU008,966217823,CPU - Bodg50-9051-900-0017 GMR ESC   ,Salón Sputnik,Compumax Computer ,Campuslands,0,#N/A,CPU,100000
,80,327,COM2024CM21070115,MON008,966217823,Monitor - Bodg50-9051-900-0017 GMR ESC   ,Salón Sputnik,Compumax Computer ,Campuslands,0,#N/A,MONITOR,50000
,81,327,KBM130091732,TEC008,966217823,Teclado - Bodg50-9051-900-0017 GMR ESC   ,Salón Sputnik,Compumax Computer ,Campuslands,0,#N/A,TECLADO,20000
,82,327,Sin serial ,MOU008,966217823,Mouse - Bodg50-9051-900-0017 GMR ESC   ,Salón Sputnik,Compumax Computer ,Campuslands,0,#N/A,MOUSE,10000
,83,327,400SN39204,CPU009,966217823,CPU - Bodg50-9051-900-0017 GMR ESC   ,Salón Sputnik,Compumax Computer ,Campuslands,0,#N/A,CPU,100000
,84,327,COM2024CM21070874,MON009,966217823,Monitor - Bodg50-9051-900-0017 GMR ESC   ,Salón Sputnik,Compumax Computer ,Campuslands,0,#N/A,MONITOR,50000
,85,327,KBM130090731,TEC009,966217823,Teclado - Bodg50-9051-900-0017 GMR ESC   ,Salón Sputnik,Compumax Computer ,Campuslands,0,#N/A,TECLADO,20000
,86,327,Sin serial ,MOU009,966217823,Mouse - Bodg50-9051-900-0017 GMR ESC   ,Salón Sputnik,Compumax Computer ,Campuslands,0,#N/A,MOUSE,10000
,87,327,400SN39214,CPU010,966217823,CPU - Bodg50-9051-900-0017 GMR ESC   ,Salón Sputnik,Compumax Computer ,Campuslands,0,#N/A,CPU,100000
,88,327,COM2024CM21070105,MON010,966217823,Monitor - Bodg50-9051-900-0017 GMR ESC   ,Salón Sputnik,Compumax Computer ,Campuslands,0,#N/A,MONITOR,50000
,89,327,KBM130090732,TEC010,966217823,Teclado - Bodg50-9051-900-0017 GMR ESC   ,Salón Sputnik,Compumax Computer ,Campuslands,0,#N/A,TECLADO,20000
,90,327,Sin serial ,MOU010,966217823,Mouse - Bodg50-9051-900-0017 GMR ESC   ,Salón Sputnik,Compumax Computer ,Campuslands,0,#N/A,MOUSE,10000
,91,327,400SN39189,CPU011,966217823,CPU - Bodg50-9051-900-0017 GMR ESC   ,Salón Sputnik,Compumax Computer ,Campuslands,0,#N/A,CPU,100000
,92,327,COM2024CM21070010,MON011,966217823,Monitor - Bodg50-9051-900-0017 GMR ESC   ,Salón Sputnik,Compumax Computer ,Campuslands,0,#N/A,MONITOR,50000
,93,327,KBM130091733,TEC011,966217823,Teclado - Bodg50-9051-900-0017 GMR ESC   ,Salón Sputnik,Compumax Computer ,Campuslands,0,#N/A,TECLADO,20000
,94,327,Sin serial ,MOU011,966217823,Mouse - Bodg50-9051-900-0017 GMR ESC   ,Salón Sputnik,Compumax Computer ,Campuslands,0,#N/A,MOUSE,10000
,95,327,400SN39223,CPU012,966217823,CPU - Bodg50-9051-900-0017 GMR ESC   ,Salón Sputnik,Compumax Computer ,Campuslands,0,#N/A,CPU,100000
,96,327,COM2024CM21070109,MON012,966217823,Monitor - Bodg50-9051-900-0017 GMR ESC   ,Salón Sputnik,Compumax Computer ,Campuslands,0,#N/A,MONITOR,50000
,97,327,KBM130090703,TEC012,966217823,Teclado - Bodg50-9051-900-0017 GMR ESC   ,Salón Sputnik,Compumax Computer ,Campuslands,0,#N/A,TECLADO,20000
,98,327,Sin serial ,MOU012,966217823,Mouse - Bodg50-9051-900-0017 GMR ESC   ,Salón Sputnik,Compumax Computer ,Campuslands,0,#N/A,MOUSE,10000
,99,327,400SN39229,CPU013,966217823,CPU - Bodg50-9051-900-0017 GMR ESC   ,Salón Sputnik,Compumax Computer ,Campuslands,0,#N/A,CPU,100000
,100,327,COM2024CM21070502,MON013,966217823,Monitor - Bodg50-9051-900-0017 GMR ESC   ,Salón Sputnik,Compumax Computer ,Campuslands,0,#N/A,MONITOR,50000
,101,327,KBM130090708,TEC013,966217823,Teclado - Bodg50-9051-900-0017 GMR ESC   ,Salón Sputnik,Compumax Computer ,Campuslands,0,#N/A,TECLADO,20000
,102,327,Sin serial ,MOU013,966217823,Mouse - Bodg50-9051-900-0017 GMR ESC   ,Salón Sputnik,Compumax Computer ,Campuslands,0,#N/A,MOUSE,10000
,103,327,400SN39178,CPU014,966217823,CPU - Bodg50-9051-900-0017 GMR ESC   ,Salón Sputnik,Compumax Computer ,Campuslands,0,#N/A,CPU,100000
,104,327,COM2024CM21070136,MON014,966217823,Monitor - Bodg50-9051-900-0017 GMR ESC   ,Salón Sputnik,Compumax Computer ,Campuslands,0,#N/A,MONITOR,50000
,105,327,KBM130091708,TEC014,966217823,Teclado - Bodg50-9051-900-0017 GMR ESC   ,Salón Sputnik,Compumax Computer ,Campuslands,0,#N/A,TECLADO,20000
,106,327,Sin serial ,MOU014,966217823,Mouse - Bodg50-9051-900-0017 GMR ESC   ,Salón Sputnik,Compumax Computer ,Campuslands,0,#N/A,MOUSE,10000
,107,327,400SN39196,CPU015,966217823,CPU - Bodg50-9051-900-0017 GMR ESC   ,Salón Sputnik,Compumax Computer ,Campuslands,0,#N/A,CPU,100000
,108,327,COM2024CM21070001,MON015,966217823,Monitor - Bodg50-9051-900-0017 GMR ESC   ,Salón Sputnik,Compumax Computer ,Campuslands,0,#N/A,MONITOR,50000
,109,327,KBM130091707,TEC015,966217823,Teclado - Bodg50-9051-900-0017 GMR ESC   ,Salón Sputnik,Compumax Computer ,Campuslands,0,#N/A,TECLADO,20000
,110,327,Sin serial ,MOU015,966217823,Mouse - Bodg50-9051-900-0017 GMR ESC   ,Salón Sputnik,Compumax Computer ,Campuslands,0,#N/A,MOUSE,10000
,111,327,102SN55081,CPU016,966217823,CPU - Bodg50-9051-900-0017 GMR ESC   ,Salón Sputnik,Compumax Computer ,Campuslands,0,#N/A,CPU,100000
,112,327,COM2024CM21070846,MON016,966217823,Monitor - Bodg50-9051-900-0017 GMR ESC   ,Salón Sputnik,Compumax Computer ,Campuslands,0,#N/A,MONITOR,50000
,113,327,KBM130090709,TEC016,966217823,Teclado - Bodg50-9051-900-0017 GMR ESC   ,Salón Sputnik,Compumax Computer ,Campuslands,0,#N/A,TECLADO,20000
,114,327,Sin serial ,MOU016,966217823,Mouse - Bodg50-9051-900-0017 GMR ESC   ,Salón Sputnik,Compumax Computer ,Campuslands,0,#N/A,MOUSE,10000
,115,327,400SN39183,CPU017,966217823,CPU - Bodg50-9051-900-0017 GMR ESC   ,Salón Sputnik,Compumax Computer ,Campuslands,0,#N/A,CPU,100000
,116,327,COM2024CM21070211,MON017,966217823,Monitor - Bodg50-9051-900-0017 GMR ESC   ,Salón Sputnik,Compumax Computer ,Campuslands,0,#N/A,MONITOR,50000
,117,327,KBM130091709,TEC017,966217823,Teclado - Bodg50-9051-900-0017 GMR ESC   ,Salón Sputnik,Compumax Computer ,Campuslands,0,#N/A,TECLADO,20000
,118,327,Sin serial ,MOU017,966217823,Mouse - Bodg50-9051-900-0017 GMR ESC   ,Salón Sputnik,Compumax Computer ,Campuslands,0,#N/A,MOUSE,10000
,119,327,102SN55098,CPU018,966217823,CPU - Bodg50-9051-900-0017 GMR ESC   ,Salón Sputnik,Compumax Computer ,Campuslands,0,#N/A,CPU,100000
,120,327,COM2024CM21070733,MON018,966217823,Monitor - Bodg50-9051-900-0017 GMR ESC   ,Salón Sputnik,Compumax Computer ,Campuslands,0,#N/A,MONITOR,50000
,121,327,KBM130090710,TEC018,966217823,Teclado - Bodg50-9051-900-0017 GMR ESC   ,Salón Sputnik,Compumax Computer ,Campuslands,0,#N/A,TECLADO,20000
,122,327,Sin serial ,MOU018,966217823,Mouse - Bodg50-9051-900-0017 GMR ESC   ,Salón Sputnik,Compumax Computer ,Campuslands,0,#N/A,MOUSE,10000
,123,327,102SN55108,CPU019,966217823,CPU - Bodg50-9051-900-0017 GMR ESC   ,Salón Sputnik,Compumax Computer ,Campuslands,0,#N/A,CPU,100000
,124,327,COM2024CM21070287,MON019,966217823,Monitor - Bodg50-9051-900-0017 GMR ESC   ,Salón Sputnik,Compumax Computer ,Campuslands,0,#N/A,MONITOR,50000
,125,327,KBM130091748,TEC019,966217823,Teclado - Bodg50-9051-900-0017 GMR ESC   ,Salón Sputnik,Compumax Computer ,Campuslands,0,#N/A,TECLADO,20000
,126,327,Sin serial ,MOU019,966217823,Mouse - Bodg50-9051-900-0017 GMR ESC   ,Salón Sputnik,Compumax Computer ,Campuslands,0,#N/A,MOUSE,10000
,127,327,400SN39224,CPU020,966217823,CPU - Bodg50-9051-900-0017 GMR ESC   ,Salón Sputnik,Compumax Computer ,Campuslands,0,#N/A,CPU,100000
,128,327,COM2024CM21070629,MON020,966217823,Monitor - Bodg50-9051-900-0017 GMR ESC   ,Salón Sputnik,Compumax Computer ,Campuslands,0,#N/A,MONITOR,50000
,129,327,KBM130090748,TEC020,966217823,Teclado - Bodg50-9051-900-0017 GMR ESC   ,Salón Sputnik,Compumax Computer ,Campuslands,0,#N/A,TECLADO,20000
,130,327,,MOU020,966217823,Mouse - Bodg50-9051-900-0017 GMR ESC   ,Salón Sputnik,Compumax Computer ,Campuslands,0,#N/A,MOUSE,10000
,131,327,400SN39179,CPU021,966217823,CPU - Bodg50-9051-900-0017 GMR ESC   ,Salón Sputnik,Compumax Computer ,Campuslands,0,#N/A,CPU,100000
,132,327,COM2024CM21070188,MON021,966217823,Monitor - Bodg50-9051-900-0017 GMR ESC   ,Salón Sputnik,Compumax Computer ,Campuslands,0,#N/A,MONITOR,50000
,133,327,KBM130090749,TEC021,966217823,Teclado - Bodg50-9051-900-0017 GMR ESC   ,Salón Sputnik,Compumax Computer ,Campuslands,0,#N/A,TECLADO,20000
,134,327,Sin serial ,MOU021,966217823,Mouse - Bodg50-9051-900-0017 GMR ESC   ,Salón Sputnik,Compumax Computer ,Campuslands,0,#N/A,MOUSE,10000
,135,327,102SN55092,CPU022,966217823,CPU - Bodg50-9051-900-0017 GMR ESC   ,Salón Sputnik,Compumax Computer ,Campuslands,0,#N/A,CPU,100000
,136,327,COM2024CM21070050,MON022,966217823,Monitor - Bodg50-9051-900-0017 GMR ESC   ,Salón Sputnik,Compumax Computer ,Campuslands,0,#N/A,MONITOR,50000
,137,327,KBM130090705,TEC022,966217823,Teclado - Bodg50-9051-900-0017 GMR ESC   ,Salón Sputnik,Compumax Computer ,Campuslands,0,#N/A,TECLADO,20000
,138,327,Sin serial ,MOU022,966217823,Mouse - Bodg50-9051-900-0017 GMR ESC   ,Salón Sputnik,Compumax Computer ,Campuslands,0,#N/A,MOUSE,10000
,139,327,400SN39187,CPU023,966217823,CPU - Bodg50-9051-900-0017 GMR ESC   ,Salón Sputnik,Compumax Computer ,Campuslands,0,#N/A,CPU,100000
,140,327,COM2024CM21070663,MON023,966217823,Monitor - Bodg50-9051-900-0017 GMR ESC   ,Salón Sputnik,Compumax Computer ,Campuslands,0,#N/A,MONITOR,50000
,141,327,KBM130090733,TEC023,966217823,Teclado - Bodg50-9051-900-0017 GMR ESC   ,Salón Sputnik,Compumax Computer ,Campuslands,0,#N/A,TECLADO,20000
,142,327,Sin serial ,MOU023,966217823,Mouse - Bodg50-9051-900-0017 GMR ESC   ,Salón Sputnik,Compumax Computer ,Campuslands,0,#N/A,MOUSE,10000
,143,327,400SN39200,CPU024,966217823,CPU - Bodg50-9051-900-0017 GMR ESC   ,Salón Sputnik,Compumax Computer ,Campuslands,0,#N/A,CPU,100000
,144,327,COM2024CM21070705,MON024,966217823,Monitor - Bodg50-9051-900-0017 GMR ESC   ,Salón Sputnik,Compumax Computer ,Campuslands,0,#N/A,MONITOR,50000
,145,327,KBM130091705,TEC024,966217823,Teclado - Bodg50-9051-900-0017 GMR ESC   ,Salón Sputnik,Compumax Computer ,Campuslands,0,#N/A,TECLADO,20000
,146,327,Sin serial ,MOU024,966217823,Mouse - Bodg50-9051-900-0017 GMR ESC   ,Salón Sputnik,Compumax Computer ,Campuslands,0,#N/A,MOUSE,10000
,147,327,102SN55091,CPU025,966217823,CPU - Bodg50-9051-900-0017 GMR ESC   ,Salón Sputnik,Compumax Computer ,Campuslands,0,#N/A,CPU,100000
,148,327,COM2024CM21070754,MON025,966217823,Monitor - Bodg50-9051-900-0017 GMR ESC   ,Salón Sputnik,Compumax Computer ,Campuslands,0,#N/A,MONITOR,50000
,149,327,KBM130091701,TEC025,966217823,Teclado - Bodg50-9051-900-0017 GMR ESC   ,Salón Sputnik,Compumax Computer ,Campuslands,0,#N/A,TECLADO,20000
,150,327,Sin serial ,MOU025,966217823,Mouse - Bodg50-9051-900-0017 GMR ESC   ,Salón Sputnik,Compumax Computer ,Campuslands,0,#N/A,MOUSE,10000
,151,327,400SN39237,CPU026,966217823,CPU - Bodg50-9051-900-0017 GMR ESC   ,Salón Sputnik,Compumax Computer ,Campuslands,0,#N/A,CPU,100000
,152,327,COM2024CM21070394,MON026,966217823,Monitor - Bodg50-9051-900-0017 GMR ESC   ,Salón Sputnik,Compumax Computer ,Campuslands,0,#N/A,MONITOR,50000
,153,327,KBM130091751,TEC026,966217823,Teclado - Bodg50-9051-900-0017 GMR ESC   ,Salón Sputnik,Compumax Computer ,Campuslands,0,#N/A,TECLADO,20000
,154,327,Sin serial ,MOU026,966217823,Mouse - Bodg50-9051-900-0017 GMR ESC   ,Salón Sputnik,Compumax Computer ,Campuslands,0,#N/A,MOUSE,10000
,155,327,102SN55099,CPU027,966217823,CPU - Bodg50-9051-900-0017 GMR ESC   ,Salón Sputnik,Compumax Computer ,Campuslands,0,#N/A,CPU,100000
,156,327,COM2024CM21070683,MON027,966217823,Monitor - Bodg50-9051-900-0017 GMR ESC   ,Salón Sputnik,Compumax Computer ,Campuslands,0,#N/A,MONITOR,50000
,157,327,KBM130090751,TEC027,966217823,Teclado - Bodg50-9051-900-0017 GMR ESC   ,Salón Sputnik,Compumax Computer ,Campuslands,0,#N/A,TECLADO,20000
,158,327,Sin serial ,MOU027,966217823,Mouse - Bodg50-9051-900-0017 GMR ESC   ,Salón Sputnik,Compumax Computer ,Campuslands,0,#N/A,MOUSE,10000
,159,327,400SN39184,CPU028,966217823,CPU - Bodg50-9051-900-0017 GMR ESC   ,Salón Sputnik,Compumax Computer ,Campuslands,0,#N/A,CPU,100000
,160,327,COM2024CM21070520,MON028,966217823,Monitor - Bodg50-9051-900-0017 GMR ESC   ,Salón Sputnik,Compumax Computer ,Campuslands,0,#N/A,MONITOR,50000
,161,327,KBM130091717,TEC028,966217823,Teclado - Bodg50-9051-900-0017 GMR ESC   ,Salón Sputnik,Compumax Computer ,Campuslands,0,#N/A,TECLADO,20000
,162,327,Sin serial ,MOU028,966217823,Mouse - Bodg50-9051-900-0017 GMR ESC   ,Salón Sputnik,Compumax Computer ,Campuslands,0,#N/A,MOUSE,10000
,163,327,400SN39180,CPU029,966217823,CPU - Bodg50-9051-900-0017 GMR ESC   ,Salón Sputnik,Compumax Computer ,Campuslands,0,#N/A,CPU,100000
,164,327,COM2024CM21070374,MON029,966217823,Monitor - Bodg50-9051-900-0017 GMR ESC   ,Salón Sputnik,Compumax Computer ,Campuslands,0,#N/A,MONITOR,50000
,165,327,KBM130090704,TEC029,966217823,Teclado - Bodg50-9051-900-0017 GMR ESC   ,Salón Sputnik,Compumax Computer ,Campuslands,0,#N/A,TECLADO,20000
,166,327,Sin serial ,MOU029,966217823,Mouse - Bodg50-9051-900-0017 GMR ESC   ,Salón Sputnik,Compumax Computer ,Campuslands,0,#N/A,MOUSE,10000
,167,327,400SN39199,CPU030,966217823,CPU - Bodg50-9051-900-0017 GMR ESC   ,Salón Sputnik,Compumax Computer ,Campuslands,0,#N/A,CPU,100000
,168,327,COM2024CM21070711,MON030,966217823,Monitor - Bodg50-9051-900-0017 GMR ESC   ,Salón Sputnik,Compumax Computer ,Campuslands,0,#N/A,MONITOR,50000
,169,327,KBM130091715,TEC030,966217823,Teclado - Bodg50-9051-900-0017 GMR ESC   ,Salón Sputnik,Compumax Computer ,Campuslands,0,#N/A,TECLADO,20000
,170,327,Sin serial ,MOU030,966217823,Mouse - Bodg50-9051-900-0017 GMR ESC   ,Salón Sputnik,Compumax Computer ,Campuslands,0,#N/A,MOUSE,10000
,171,327,102SN55105,CPU031,966217823,CPU - Bodg50-9051-900-0017 GMR ESC   ,Salón Sputnik,Compumax Computer ,Campuslands,0,#N/A,CPU,100000
,172,327,COM2024CM21070043,MON031,966217823,Monitor - Bodg50-9051-900-0017 GMR ESC   ,Salón Sputnik,Compumax Computer ,Campuslands,0,#N/A,MONITOR,50000
,173,327,UD18J2C00169,TEC031,966217823,Teclado - Bodg50-9051-900-0017 GMR ESC   ,Salón Sputnik,Compumax Computer ,Campuslands,0,#N/A,TECLADO,20000
,174,327,Sin serial ,MOU031,966217823,Mouse - Bodg50-9051-900-0017 GMR ESC   ,Salón Sputnik,Compumax Computer ,Campuslands,0,#N/A,MOUSE,10000
,175,327,102SN55097,CPU032,966217823,CPU - Bodg50-9051-900-0017 GMR ESC   ,Salón Sputnik,Compumax Computer ,Campuslands,0,#N/A,CPU,100000
,176,327,COM2024CM21070151,MON032,966217823,Monitor - Bodg50-9051-900-0017 GMR ESC   ,Salón Sputnik,Compumax Computer ,Campuslands,0,#N/A,MONITOR,50000
,177,327,KBM130090716,TEC032,966217823,Teclado - Bodg50-9051-900-0017 GMR ESC   ,Salón Sputnik,Compumax Computer ,Campuslands,0,#N/A,TECLADO,20000
,178,327,Sin serial ,MOU032,966217823,Mouse - Bodg50-9051-900-0017 GMR ESC   ,Salón Sputnik,Compumax Computer ,Campuslands,0,#N/A,MOUSE,10000
,179,327,102SN55104,CPU033,966217823,CPU - Bodg50-9051-900-0017 GMR ESC   ,Salón Sputnik,Compumax Computer ,Campuslands,0,#N/A,CPU,100000
,180,327,COM2024CM21070127,MON033,966217823,Monitor - Bodg50-9051-900-0017 GMR ESC   ,Salón Sputnik,Compumax Computer ,Campuslands,0,#N/A,MONITOR,50000
,181,327,KBM130090715,TEC033,966217823,Teclado - Bodg50-9051-900-0017 GMR ESC   ,Salón Sputnik,Compumax Computer ,Campuslands,0,#N/A,TECLADO,20000
,182,327,Sin serial ,MOU033,966217823,Mouse - Bodg50-9051-900-0017 GMR ESC   ,Salón Sputnik,Compumax Computer ,Campuslands,0,#N/A,MOUSE,10000
,183,327,102SN55084,CPU034,966217823,CPU - Bodg50-9051-900-0017 GMR ESC   ,Salón Sputnik,Compumax Computer ,Campuslands,0,#N/A,CPU,100000
,184,327,COM2024CM21070029,MON034,966217823,Monitor - Bodg50-9051-900-0017 GMR ESC   ,Salón Sputnik,Compumax Computer ,Campuslands,0,#N/A,MONITOR,50000
,185,327,KBM130091714,TEC034,966217823,Teclado - Bodg50-9051-900-0017 GMR ESC   ,Salón Sputnik,Compumax Computer ,Campuslands,0,#N/A,TECLADO,20000
,186,327,Sin serial ,MOU034,966217823,Mouse - Bodg50-9051-900-0017 GMR ESC   ,Salón Sputnik,Compumax Computer ,Campuslands,0,#N/A,MOUSE,10000
,187,327,400SN39194,CPU035,966217823,CPU - Bodg50-9051-900-0017 GMR ESC   ,Salón Sputnik,Compumax Computer ,Campuslands,0,#N/A,CPU,100000
,188,327,COM2024CM21070135,MON035,966217823,Monitor - Bodg50-9051-900-0017 GMR ESC   ,Salón Sputnik,Compumax Computer ,Campuslands,0,#N/A,MONITOR,50000
,189,327,KBM130090714,TEC035,966217823,Teclado - Bodg50-9051-900-0017 GMR ESC   ,Salón Sputnik,Compumax Computer ,Campuslands,0,#N/A,TECLADO,20000
,190,327,Sin serial ,MOU035,966217823,Mouse - Bodg50-9051-900-0017 GMR ESC   ,Salón Sputnik,Compumax Computer ,Campuslands,0,#N/A,MOUSE,10000
,192,327,400SN39175,CPU036,966217823,CPU-Bodg50-9048-900-0044 GMRESC R3,Salón Apolo,Compumax Computer ,Campuslands,0,#N/A,CPU,100000
,193,327,COM2024CM21070257,MON036,966217823,Monitor-Bodg50-9048-900-0044 GMRESC R3,Salón Apolo,Compumax Computer ,Campuslands,0,#N/A,MONITOR,50000
,194,327,KBM130091739,TEC036,966217823,Teclado-Bodg50-9048-900-0044 GMRESC R3,Salón Apolo,Compumax Computer ,Campuslands,0,#N/A,TECLADO,20000
,195,327,Sin serial ,MOU036,966217823,Mouse-Bodg50-9048-900-0044 GMRESC R3,Salón Apolo,Compumax Computer ,Campuslands,0,#N/A,MOUSE,10000
,196,327,400SN39206,CPU037,966217823,CPU-Bodg50-9048-900-0044 GMRESC R3,Salón Apolo,Compumax Computer ,Campuslands,0,#N/A,CPU,100000
,197,327,COM2024CM21070609,MON037,966217823,Monitor-Bodg50-9048-900-0044 GMRESC R3,Salón Apolo,Compumax Computer ,Campuslands,0,#N/A,MONITOR,50000
,198,327,KBM130091743,TEC037,966217823,Teclado-Bodg50-9048-900-0044 GMRESC R3,Salón Apolo,Compumax Computer ,Campuslands,0,#N/A,TECLADO,20000
,199,327,Sin serial ,MOU037,966217823,Mouse-Bodg50-9048-900-0044 GMRESC R3,Salón Apolo,Compumax Computer ,Campuslands,0,#N/A,MOUSE,10000
,200,327,400SN39212,CPU038,966217823,CPU-Bodg50-9048-900-0044 GMRESC R3,Salón Apolo,Compumax Computer ,Campuslands,0,#N/A,CPU,100000
,201,327,COM2024CM21070778,MON038,966217823,Monitor-Bodg50-9048-900-0044 GMRESC R3,Salón Apolo,Compumax Computer ,Campuslands,0,#N/A,MONITOR,50000
,202,327,KBM130090742,TEC038,966217823,Teclado-Bodg50-9048-900-0044 GMRESC R3,Salón Apolo,Compumax Computer ,Campuslands,0,#N/A,TECLADO,20000
,203,327,Sin serial ,MOU038,966217823,Mouse-Bodg50-9048-900-0044 GMRESC R3,Salón Apolo,Compumax Computer ,Campuslands,0,#N/A,MOUSE,10000
,204,327,400SN39217,CPU039,966217823,CPU-Bodg50-9048-900-0044 GMRESC R3,Salón Apolo,Compumax Computer ,Campuslands,0,#N/A,CPU,100000
,205,327,COM2024CM21070069,MON039,966217823,Monitor-Bodg50-9048-900-0044 GMRESC R3,Salón Apolo,Compumax Computer ,Campuslands,0,#N/A,MONITOR,50000
,206,327,KBM130091742,TEC039,966217823,Teclado-Bodg50-9048-900-0044 GMRESC R3,Salón Apolo,Compumax Computer ,Campuslands,0,#N/A,TECLADO,20000
,207,327,Sin serial ,MOU039,966217823,Mouse-Bodg50-9048-900-0044 GMRESC R3,Salón Apolo,Compumax Computer ,Campuslands,0,#N/A,MOUSE,10000
,208,327,400SN39203,CPU040,966217823,CPU-Bodg50-9048-900-0044 GMRESC R3,Salón Apolo,Compumax Computer ,Campuslands,0,#N/A,CPU,100000
,209,327,COM2024CM21070349,MON040,966217823,Monitor-Bodg50-9048-900-0044 GMRESC R3,Salón Apolo,Compumax Computer ,Campuslands,0,#N/A,MONITOR,50000
,210,327,KBM130090743,TEC040,966217823,Teclado-Bodg50-9048-900-0044 GMRESC R3,Salón Apolo,Compumax Computer ,Campuslands,0,#N/A,TECLADO,20000
,211,327,Sin serial ,MOU040,966217823,Mouse-Bodg50-9048-900-0044 GMRESC R3,Salón Apolo,Compumax Computer ,Campuslands,0,#N/A,MOUSE,10000
,212,327,400SN39201,CPU041,966217823,CPU-Bodg50-9048-900-0044 GMRESC R3,Salón Apolo,Compumax Computer ,Campuslands,0,#N/A,CPU,100000
,213,327,COM2024CM21070004,MON041,966217823,Monitor-Bodg50-9048-900-0044 GMRESC R3,Salón Apolo,Compumax Computer ,Campuslands,0,#N/A,MONITOR,50000
,214,327,KBM130091710,TEC041,966217823,Teclado-Bodg50-9048-900-0044 GMRESC R3,Salón Apolo,Compumax Computer ,Campuslands,0,#N/A,TECLADO,20000
,215,327,Sin serial ,MOU041,966217823,Mouse-Bodg50-9048-900-0044 GMRESC R3,Salón Apolo,Compumax Computer ,Campuslands,0,#N/A,MOUSE,10000
,216,327,400SN39207,CPU042,966217823,CPU-Bodg50-9048-900-0044 GMRESC R3,Salón Apolo,Compumax Computer ,Campuslands,0,#N/A,CPU,100000
,217,327,COM2024CM21070727,MON042,966217823,Monitor-Bodg50-9048-900-0044 GMRESC R3,Salón Apolo,Compumax Computer ,Campuslands,0,#N/A,MONITOR,50000
,218,327,KBM130090728,TEC042,966217823,Teclado-Bodg50-9048-900-0044 GMRESC R3,Salón Apolo,Compumax Computer ,Campuslands,0,#N/A,TECLADO,20000
,219,327,Sin serial ,MOU042,966217823,Mouse-Bodg50-9048-900-0044 GMRESC R3,Salón Apolo,Compumax Computer ,Campuslands,0,#N/A,MOUSE,10000
,220,327,400SN39170,CPU043,966217823,CPU-Bodg50-9048-900-0044 GMRESC R3,Salón Apolo,Compumax Computer ,Campuslands,0,#N/A,CPU,100000
,221,327,COM2024CM21070063,MON043,966217823,Monitor-Bodg50-9048-900-0044 GMRESC R3,Salón Apolo,Compumax Computer ,Campuslands,0,#N/A,MONITOR,50000
,222,327,KBM130090729,TEC043,966217823,Teclado-Bodg50-9048-900-0044 GMRESC R3,Salón Apolo,Compumax Computer ,Campuslands,0,#N/A,TECLADO,20000
,223,327,Sin serial ,MOU043,966217823,Mouse-Bodg50-9048-900-0044 GMRESC R3,Salón Apolo,Compumax Computer ,Campuslands,0,#N/A,MOUSE,10000
,224,327,400SN39193,CPU044,966217823,CPU-Bodg50-9048-900-0044 GMRESC R3,Salón Apolo,Compumax Computer ,Campuslands,0,#N/A,CPU,100000
,225,327,COM2024CM21070203,MON044,966217823,Monitor-Bodg50-9048-900-0044 GMRESC R3,Salón Apolo,Compumax Computer ,Campuslands,0,#N/A,MONITOR,50000
,226,327,KBM130091734,TEC044,966217823,Teclado-Bodg50-9048-900-0044 GMRESC R3,Salón Apolo,Compumax Computer ,Campuslands,0,#N/A,TECLADO,20000
,227,327,Sin serial ,MOU044,966217823,Mouse-Bodg50-9048-900-0044 GMRESC R3,Salón Apolo,Compumax Computer ,Campuslands,0,#N/A,MOUSE,10000
,228,327,400SN39213,CPU045,966217823,CPU-Bodg50-9048-900-0044 GMRESC R3,Salón Apolo,Compumax Computer ,Campuslands,0,#N/A,CPU,100000
,229,327,COM2024CM21070517,MON045,966217823,Monitor-Bodg50-9048-900-0044 GMRESC R3,Salón Apolo,Compumax Computer ,Campuslands,0,#N/A,MONITOR,50000
,230,327,KBM130090735,TEC045,966217823,Teclado-Bodg50-9048-900-0044 GMRESC R3,Salón Apolo,Compumax Computer ,Campuslands,0,#N/A,TECLADO,20000
,231,327,Sin serial ,MOU045,966217823,Mouse-Bodg50-9048-900-0044 GMRESC R3,Salón Apolo,Compumax Computer ,Campuslands,0,#N/A,MOUSE,10000
,232,327,400SN39197,CPU046,966217823,CPU-Bodg50-9048-900-0044 GMRESC R3,Salón Apolo,Compumax Computer ,Campuslands,0,#N/A,CPU,100000
,233,327,COM2024CM21070007,MON046,966217823,Monitor-Bodg50-9048-900-0044 GMRESC R3,Salón Apolo,Compumax Computer ,Campuslands,0,#N/A,MONITOR,50000
,234,327,KBM130090734,TEC046,966217823,Teclado-Bodg50-9048-900-0044 GMRESC R3,Salón Apolo,Compumax Computer ,Campuslands,0,#N/A,TECLADO,20000
,235,327,Sin serial ,MOU046,966217823,Mouse-Bodg50-9048-900-0044 GMRESC R3,Salón Apolo,Compumax Computer ,Campuslands,0,#N/A,MOUSE,10000
,236,327,102SN55078,CPU047,966217823,CPU-Bodg50-9048-900-0044 GMRESC R3,Salón Apolo,Compumax Computer ,Campuslands,0,#N/A,CPU,100000
,237,327,COM2024CM21070008,MON047,966217823,Monitor-Bodg50-9048-900-0044 GMRESC R3,Salón Apolo,Compumax Computer ,Campuslands,0,#N/A,MONITOR,50000
,238,327,KBM130090750,TEC047,966217823,Teclado-Bodg50-9048-900-0044 GMRESC R3,Salón Apolo,Compumax Computer ,Campuslands,0,#N/A,TECLADO,20000
,239,327,Sin serial ,MOU047,966217823,Mouse-Bodg50-9048-900-0044 GMRESC R3,Salón Apolo,Compumax Computer ,Campuslands,0,#N/A,MOUSE,10000
,240,327,102SN55085,CPU048,966217823,CPU-Bodg50-9048-900-0044 GMRESC R3,Salón Apolo,Compumax Computer ,Campuslands,0,#N/A,CPU,100000
,241,327,COM2024CM21070117,MON048,966217823,Monitor-Bodg50-9048-900-0044 GMRESC R3,Salón Apolo,Compumax Computer ,Campuslands,0,#N/A,MONITOR,50000
,242,327,KBM130091713,TEC048,966217823,Teclado-Bodg50-9048-900-0044 GMRESC R3,Salón Apolo,Compumax Computer ,Campuslands,0,#N/A,TECLADO,20000
,243,327,Sin serial ,MOU048,966217823,Mouse-Bodg50-9048-900-0044 GMRESC R3,Salón Apolo,Compumax Computer ,Campuslands,0,#N/A,MOUSE,10000
,244,327,400SN39233,CPU049,966217823,CPU-Bodg50-9048-900-0044 GMRESC R3,Salón Apolo,Compumax Computer ,Campuslands,0,#N/A,CPU,100000
,245,327,COM2024CM21070277,MON049,966217823,Monitor-Bodg50-9048-900-0044 GMRESC R3,Salón Apolo,Compumax Computer ,Campuslands,0,#N/A,MONITOR,50000
,246,327,KBM130090713,TEC049,966217823,Teclado-Bodg50-9048-900-0044 GMRESC R3,Salón Apolo,Compumax Computer ,Campuslands,0,#N/A,TECLADO,20000
,247,327,Sin serial ,MOU049,966217823,Mouse-Bodg50-9048-900-0044 GMRESC R3,Salón Apolo,Compumax Computer ,Campuslands,0,#N/A,MOUSE,10000
,248,327,102SN55082,CPU050,966217823,CPU-Bodg50-9048-900-0044 GMRESC R3,Salón Apolo,Compumax Computer ,Campuslands,0,#N/A,CPU,100000
,249,327,COM2024CM21070406,MON050,966217823,Monitor-Bodg50-9048-900-0044 GMRESC R3,Salón Apolo,Compumax Computer ,Campuslands,0,#N/A,MONITOR,50000
,250,327,KBM130091712,TEC050,966217823,Teclado-Bodg50-9048-900-0044 GMRESC R3,Salón Apolo,Compumax Computer ,Campuslands,0,#N/A,TECLADO,20000
,251,327,Sin serial ,MOU050,966217823,Mouse-Bodg50-9048-900-0044 GMRESC R3,Salón Apolo,Compumax Computer ,Campuslands,0,#N/A,MOUSE,10000
,252,327,102SN55101,CPU051,966217823,CPU-Bodg50-9048-900-0044 GMRESC R3,Salón Apolo,Compumax Computer ,Campuslands,0,#N/A,CPU,100000
,253,327,COM2024CM21070557,MON051,966217823,Monitor-Bodg50-9048-900-0044 GMRESC R3,Salón Apolo,Compumax Computer ,Campuslands,0,#N/A,MONITOR,50000
,254,327,KBM130091711,TEC051,966217823,Teclado-Bodg50-9048-900-0044 GMRESC R3,Salón Apolo,Compumax Computer ,Campuslands,0,#N/A,TECLADO,20000
,255,327,Sin serial ,MOU051,966217823,Mouse-Bodg50-9048-900-0044 GMRESC R3,Salón Apolo,Compumax Computer ,Campuslands,0,#N/A,MOUSE,10000
,256,327,400SN39192,CPU052,966217823,CPU-Bodg50-9048-900-0044 GMRESC R3,Salón Apolo,Compumax Computer ,Campuslands,0,#N/A,CPU,100000
,257,327,COM2024CM21070853,MON052,966217823,Monitor-Bodg50-9048-900-0044 GMRESC R3,Salón Apolo,Compumax Computer ,Campuslands,0,#N/A,MONITOR,50000
,258,327,KBM130090712,TEC052,966217823,Teclado-Bodg50-9048-900-0044 GMRESC R3,Salón Apolo,Compumax Computer ,Campuslands,0,#N/A,TECLADO,20000
,259,327,Sin serial ,MOU052,966217823,Mouse-Bodg50-9048-900-0044 GMRESC R3,Salón Apolo,Compumax Computer ,Campuslands,0,#N/A,MOUSE,10000
,260,327,400SN39181,CPU053,966217823,CPU-Bodg50-9048-900-0044 GMRESC R3,Salón Apolo,Compumax Computer ,Campuslands,0,#N/A,CPU,100000
,261,327,COM2024CM21070893,MON053,966217823,Monitor-Bodg50-9048-900-0044 GMRESC R3,Salón Apolo,Compumax Computer ,Campuslands,0,#N/A,MONITOR,50000
,262,327,KBM130090711,TEC053,966217823,Teclado-Bodg50-9048-900-0044 GMRESC R3,Salón Apolo,Compumax Computer ,Campuslands,0,#N/A,TECLADO,20000
,263,327,Sin serial ,MOU053,966217823,Mouse-Bodg50-9048-900-0044 GMRESC R3,Salón Apolo,Compumax Computer ,Campuslands,0,#N/A,MOUSE,10000
,264,327,400SN39195,CPU054,966217823,CPU-Bodg50-9048-900-0044 GMRESC R3,Salón Apolo,Compumax Computer ,Campuslands,0,#N/A,CPU,100000
,265,327,COM2024CM21070898,MON054,966217823,Monitor-Bodg50-9048-900-0044 GMRESC R3,Salón Apolo,Compumax Computer ,Campuslands,0,#N/A,MONITOR,50000
,266,327,KBM130091741,TEC054,966217823,Teclado-Bodg50-9048-900-0044 GMRESC R3,Salón Apolo,Compumax Computer ,Campuslands,0,#N/A,TECLADO,20000
,267,327,Sin serial ,MOU054,966217823,Mouse-Bodg50-9048-900-0044 GMRESC R3,Salón Apolo,Compumax Computer ,Campuslands,0,#N/A,MOUSE,10000
,268,327,400SN39232,CPU055,966217823,CPU-Bodg50-9048-900-0044 GMRESC R3,Salón Apolo,Compumax Computer ,Campuslands,0,#N/A,CPU,100000
,269,327,COM2024CM21070400,MON055,966217823,Monitor-Bodg50-9048-900-0044 GMRESC R3,Salón Apolo,Compumax Computer ,Campuslands,0,#N/A,MONITOR,50000
,270,327,KBM130091740,TEC055,966217823,Teclado-Bodg50-9048-900-0044 GMRESC R3,Salón Apolo,Compumax Computer ,Campuslands,0,#N/A,TECLADO,20000
,271,327,Sin serial ,MOU055,966217823,Mouse-Bodg50-9048-900-0044 GMRESC R3,Salón Apolo,Compumax Computer ,Campuslands,0,#N/A,MOUSE,10000
,272,327,400SN39231,CPU056,966217823,CPU-Bodg50-9048-900-0044 GMRESC R3,Salón Apolo,Compumax Computer ,Campuslands,0,#N/A,CPU,100000
,273,327,COM2024CM21070761,MON056,966217823,Monitor-Bodg50-9048-900-0044 GMRESC R3,Salón Apolo,Compumax Computer ,Campuslands,0,#N/A,MONITOR,50000
,274,327,KBM130090739,TEC056,966217823,Teclado-Bodg50-9048-900-0044 GMRESC R3,Salón Apolo,Compumax Computer ,Campuslands,0,#N/A,TECLADO,20000
,275,327,Sin serial ,MOU056,966217823,Mouse-Bodg50-9048-900-0044 GMRESC R3,Salón Apolo,Compumax Computer ,Campuslands,0,#N/A,MOUSE,10000
,276,327,400SN39171,CPU057,966217823,CPU-Bodg50-9048-900-0044 GMRESC R3,Salón Apolo,Compumax Computer ,Campuslands,0,#N/A,CPU,100000
,277,327,COM2024CM21070534,MON057,966217823,Monitor-Bodg50-9048-900-0044 GMRESC R3,Salón Apolo,Compumax Computer ,Campuslands,0,#N/A,MONITOR,50000
,278,327,KBM130090741,TEC057,966217823,Teclado-Bodg50-9048-900-0044 GMRESC R3,Salón Apolo,Compumax Computer ,Campuslands,0,#N/A,TECLADO,20000
,279,327,Sin serial ,MOU057,966217823,Mouse-Bodg50-9048-900-0044 GMRESC R3,Salón Apolo,Compumax Computer ,Campuslands,0,#N/A,MOUSE,10000
,280,327,400SN39220,CPU058,966217823,CPU-Bodg50-9048-900-0044 GMRESC R3,Salón Apolo,Compumax Computer ,Campuslands,0,#N/A,CPU,100000
,281,327,COM2024CM21070017,MON058,966217823,Monitor-Bodg50-9048-900-0044 GMRESC R3,Salón Apolo,Compumax Computer ,Campuslands,0,#N/A,MONITOR,50000
,282,327,KBM130091750,TEC058,966217823,Teclado-Bodg50-9048-900-0044 GMRESC R3,Salón Apolo,Compumax Computer ,Campuslands,0,#N/A,TECLADO,20000
,283,327,Sin serial ,MOU058,966217823,Mouse-Bodg50-9048-900-0044 GMRESC R3,Salón Apolo,Compumax Computer ,Campuslands,0,#N/A,MOUSE,10000
,284,327,102SN55100,CPU059,966217823,CPU-Bodg50-9048-900-0044 GMRESC R3,Salón Apolo,Compumax Computer ,Campuslands,0,#N/A,CPU,100000
,285,327,COM2024CM21070281,MON059,966217823,Monitor-Bodg50-9048-900-0044 GMRESC R3,Salón Apolo,Compumax Computer ,Campuslands,0,#N/A,MONITOR,50000
,286,327,KBM130091749,TEC059,966217823,Teclado-Bodg50-9048-900-0044 GMRESC R3,Salón Apolo,Compumax Computer ,Campuslands,0,#N/A,TECLADO,20000
,287,327,Sin serial ,MOU059,966217823,Mouse-Bodg50-9048-900-0044 GMRESC R3,Salón Apolo,Compumax Computer ,Campuslands,0,#N/A,MOUSE,10000
,288,327,400SN39236,CPU060,966217823,CPU-Bodg50-9048-900-0044 GMRESC R3,Salón Apolo,Compumax Computer ,Campuslands,0,#N/A,CPU,100000
,289,327,COM2024CM21070205,MON060,966217823,Monitor-Bodg50-9048-900-0044 GMRESC R3,Salón Apolo,Compumax Computer ,Campuslands,0,#N/A,MONITOR,50000
,290,327,KBM130090740,TEC060,966217823,Teclado-Bodg50-9048-900-0044 GMRESC R3,Salón Apolo,Compumax Computer ,Campuslands,0,#N/A,TECLADO,20000
,291,327,Sin serial ,MOU060,966217823,Mouse-Bodg50-9048-900-0044 GMRESC R3,Salón Apolo,Compumax Computer ,Campuslands,0,#N/A,MOUSE,10000
,292,327,400SN39216,CPU061,966217823,CPU-Bodg50-9048-900-0044 GMRESC R3,Salón Apolo,Compumax Computer ,Campuslands,0,#N/A,CPU,100000
,293,327,COM2024CM21070041,MON061,966217823,Monitor-Bodg50-9048-900-0044 GMRESC R3,Salón Apolo,Compumax Computer ,Campuslands,0,#N/A,MONITOR,50000
,294,327,KBM130091728,TEC061,966217823,Teclado-Bodg50-9048-900-0044 GMRESC R3,Salón Apolo,Compumax Computer ,Campuslands,0,#N/A,TECLADO,20000
,295,327,Sin serial ,MOU061,966217823,Mouse-Bodg50-9048-900-0044 GMRESC R3,Salón Apolo,Compumax Computer ,Campuslands,0,#N/A,MOUSE,10000
,296,327,400SN39176,CPU062,966217823,CPU-Bodg50-9048-900-0044 GMRESC R3,Salón Apolo,Compumax Computer ,Campuslands,0,#N/A,CPU,100000
,297,327,COM2024CM21070712,MON062,966217823,Monitor-Bodg50-9048-900-0044 GMRESC R3,Salón Apolo,Compumax Computer ,Campuslands,0,#N/A,MONITOR,50000
,298,327,KBM130090727,TEC062,966217823,Teclado-Bodg50-9048-900-0044 GMRESC R3,Salón Apolo,Compumax Computer ,Campuslands,0,#N/A,TECLADO,20000
,299,327,Sin serial ,MOU062,966217823,Mouse-Bodg50-9048-900-0044 GMRESC R3,Salón Apolo,Compumax Computer ,Campuslands,0,#N/A,MOUSE,10000
,300,327,102SN55077,CPU063,966217823,CPU-Bodg50-9048-900-0044 GMRESC R3,Salón Apolo,Compumax Computer ,Campuslands,0,#N/A,CPU,100000
,301,327,COM2024CM21070129,MON063,966217823,Monitor-Bodg50-9048-900-0044 GMRESC R3,Salón Apolo,Compumax Computer ,Campuslands,0,#N/A,MONITOR,50000
,302,327,KBM130091727,TEC063,966217823,Teclado-Bodg50-9048-900-0044 GMRESC R3,Salón Apolo,Compumax Computer ,Campuslands,0,#N/A,TECLADO,20000
,303,327,Sin serial ,MOU063,966217823,Mouse-Bodg50-9048-900-0044 GMRESC R3,Salón Apolo,Compumax Computer ,Campuslands,0,#N/A,MOUSE,10000
,304,327,400SN39211,CPU064,966217823,CPU-Bodg50-9048-900-0044 GMRESC R3,Salón Apolo,Compumax Computer ,Campuslands,0,#N/A,CPU,100000
,305,327,COM2024CM21070140,MON064,966217823,Monitor-Bodg50-9048-900-0044 GMRESC R3,Salón Apolo,Compumax Computer ,Campuslands,0,#N/A,MONITOR,50000
,306,327,KBM130091726,TEC064,966217823,Teclado-Bodg50-9048-900-0044 GMRESC R3,Salón Apolo,Compumax Computer ,Campuslands,0,#N/A,TECLADO,20000
,307,327,Sin serial ,MOU064,966217823,Mouse-Bodg50-9048-900-0044 GMRESC R3,Salón Apolo,Compumax Computer ,Campuslands,0,#N/A,MOUSE,10000
,308,327,400SN39219,CPU065,966217823,CPU-Bodg50-9048-900-0044 GMRESC R3,Salón Apolo,Compumax Computer ,Campuslands,0,#N/A,CPU,100000
,309,327,COM2024CM21070316,MON065,966217823,Monitor-Bodg50-9048-900-0044 GMRESC R3,Salón Apolo,Compumax Computer ,Campuslands,0,#N/A,MONITOR,50000
,310,327,KBM130090725,TEC065,966217823,Teclado-Bodg50-9048-900-0044 GMRESC R3,Salón Apolo,Compumax Computer ,Campuslands,0,#N/A,TECLADO,20000
,311,327,Sin serial ,MOU065,966217823,Mouse-Bodg50-9048-900-0044 GMRESC R3,Salón Apolo,Compumax Computer ,Campuslands,0,#N/A,MOUSE,10000
,312,327,102SN55093,CPU066,966217823,CPU-Bodg50-9048-900-0044 GMRESC R3,Salón Apolo,Compumax Computer ,Campuslands,0,#N/A,CPU,100000
,313,327,COM2024CM21070153,MON066,966217823,Monitor-Bodg50-9048-900-0044 GMRESC R3,Salón Apolo,Compumax Computer ,Campuslands,0,#N/A,MONITOR,50000
,314,327,KBM130090726,TEC066,966217823,Teclado-Bodg50-9048-900-0044 GMRESC R3,Salón Apolo,Compumax Computer ,Campuslands,0,#N/A,TECLADO,20000
,315,327,Sin serial ,MOU066,966217823,Mouse-Bodg50-9048-900-0044 GMRESC R3,Salón Apolo,Compumax Computer ,Campuslands,0,#N/A,MOUSE,10000
,316,327,400SN39210,CPU067,966217823,CPU-Bodg50-9048-900-0044 GMRESC R3,Salón Apolo,Compumax Computer ,Campuslands,0,#N/A,CPU,100000
,317,327,COM2024CM21070744,MON067,966217823,Monitor-Bodg50-9048-900-0044 GMRESC R3,Salón Apolo,Compumax Computer ,Campuslands,0,#N/A,MONITOR,50000
,318,327,KBM130091752,TEC067,966217823,Teclado-Bodg50-9048-900-0044 GMRESC R3,Salón Apolo,Compumax Computer ,Campuslands,0,#N/A,TECLADO,20000
,319,327,Sin serial ,MOU067,966217823,Mouse-Bodg50-9048-900-0044 GMRESC R3,Salón Apolo,Compumax Computer ,Campuslands,0,#N/A,MOUSE,10000
,320,327,400SN39168,CPU068,966217823,CPU-Bodg50-9048-900-0044 GMRESC R3,Salón Apolo,Compumax Computer ,Campuslands,0,#N/A,CPU,100000
,321,327,COM2024CM21070830,MON068,966217823,Monitor-Bodg50-9048-900-0044 GMRESC R3,Salón Apolo,Compumax Computer ,Campuslands,0,#N/A,MONITOR,50000
,322,327,KBM130090753,TEC068,966217823,Teclado-Bodg50-9048-900-0044 GMRESC R3,Salón Apolo,Compumax Computer ,Campuslands,0,#N/A,TECLADO,20000
,323,327,Sin serial ,MOU068,966217823,Mouse-Bodg50-9048-900-0044 GMRESC R3,Salón Apolo,Compumax Computer ,Campuslands,0,#N/A,MOUSE,10000
,324,327,400SN39191,CPU069,966217823,CPU-Bodg50-9048-900-0044 GMRESC R3,Salón Apolo,Compumax Computer ,Campuslands,0,#N/A,CPU,100000
,325,327,COM2024CM21070407,MON069,966217823,Monitor-Bodg50-9048-900-0044 GMRESC R3,Salón Apolo,Compumax Computer ,Campuslands,0,#N/A,MONITOR,50000
,326,327,KBM130091753,TEC069,966217823,Teclado-Bodg50-9048-900-0044 GMRESC R3,Salón Apolo,Compumax Computer ,Campuslands,0,#N/A,TECLADO,20000
,327,327,Sin serial ,MOU069,966217823,Mouse-Bodg50-9048-900-0044 GMRESC R3,Salón Apolo,Compumax Computer ,Campuslands,0,#N/A,MOUSE,10000